{"cameraMode":{"drawMode":0,"name":"Shaded","section":"Shading Mode"},"sceneLighting":true,"audioPlay":false,"sceneViewState":{"showFog":true,"showMaterialUpdate":false,"showSkybox":true,"showFlares":true,"showImageEffects":true,"showParticleSystems":true,"showVisualEffectGraphs":true,"m_FxEnabled":true},"in2DMode":false,"pivot":{"x":0.3434486389160156,"y":1.7887086868286133,"z":-3.0828638076782228},"rotation":{"x":-0.06203749403357506,"y":0.9014981389045715,"z":-0.13791701197624207,"w":-0.4055059254169464},"size":11.925186157226563,"orthographic":false}