{"cameraMode":{"drawMode":0,"name":"Shaded","section":"Shading Mode"},"sceneLighting":false,"audioPlay":false,"sceneViewState":{"showFog":true,"showMaterialUpdate":false,"showSkybox":false,"showFlares":true,"showImageEffects":true,"showParticleSystems":true,"showVisualEffectGraphs":true,"m_FxEnabled":true},"in2DMode":false,"pivot":{"x":2.7072582244873049,"y":8.596395492553711,"z":-0.9740991592407227},"rotation":{"x":0.26383650302886965,"y":0.007233326323330402,"z":-0.0019773368258029224,"w":0.9645583629608154},"size":5.0055084228515629,"orthographic":true}